Group,Label,Description
0,Sweeping Family Sagas,"In the realm of bestselling novels, powerful stories of love, revenge, and redemption unfold across generations. Characters grapple with the past and present, seeking to protect what they hold dear while navigating the complexities of trust and betrayal. From single individuals to billionaire families, the dynamics of relationships are tested, revealing the lengths people will go to for power, justice, or vengeance. Murder mysteries and long-held secrets add layers of intrigue, while themes of change and growth underscore the human experience. Through compelling narratives, these books explore the enduring bonds of family, the impact of past decisions, and the quest for understanding in a world of risk and uncertainty."
1,Epic Historical Adventures,"In a journey through centuries and lands, characters face war, darkness, and the quest for peace and knowledge. Trust is both a bond and a challenge, as individuals navigate through unique experiences that shape their choices and lead them on transformative journeys. From ancient times to modern ages, themes of human connection and the resilience of the human spirit echo through the narratives. Whether in towns or on epic quests, characters stand for what they believe in, forging bonds and facing challenges that test their strength and character. In the midst of it all, secrets are kept, and choices made that can alter the course of history."
2,Heartfelt Slice-of-life Stories,"In the quiet settings of towns and homes, characters grapple with the heat of life's challenges and the warmth of love and connection. Relationships are tested, repaired, and broken, leading to moments of realization and transformation. From career struggles to personal battles, protagonists navigate the complexities of living authentically and finding happiness. Themes of belief, truth, and acceptance resonate as characters confront dying hopes and embrace fresh starts. Through heartfelt narratives, these books explore the human condition, offering insights into the resilience of the human spirit and the enduring power of love."
3,Ambitious Professional Dramas,"In stories that explore ambition, relationships, and success, characters navigate the challenges and triumphs of professional and personal life. Themes of aspiration and achievement resonate as characters strive to reach their goals, whether in their careers or personal endeavors. The dynamics of relationships, particularly between men and women, add depth and complexity to the narrative, highlighting the intricacies of human connections. Characters are drawn into games of strategy and competition, facing obstacles and making sacrifices along the way. With each page turned, readers are immersed in a world where determination, passion, and resilience shape the lives of the characters."
4,Adventurous Thrill Rides,"In tales of adventure and intrigue, characters embark on missions and journeys that take them through stormy challenges and encounters. From the bustling streets of New York to the quiet countryside, settings play a vital role in shaping the narrative. Characters, both new and familiar, face problems and obstacles that test their resolve and ingenuity. Themes of home and belonging resonate as characters navigate their way through unfamiliar territories. With each encounter and piece of the puzzle, protagonists inch closer to their goals, facing danger, and making difficult decisions along the way. Through it all, the reader is taken on a thrilling ride, experiencing the highs and lows of the characters' journeys."
5,Dark and Seductive Thrillers,"In the world of powerful and popular literature, dark and sexy narratives unfold, filled with intrigue and desire. Characters, including powerful men and influential figures, navigate complex plots and rising tensions. Themes of pleasure and power intertwine, leading to moments of intense drama and conflict. Whether set in the dark alleys of a city or the vast expanse of a ship, these stories captivate readers with their rich imagery and compelling storytelling. Poems and poetry are woven throughout, adding depth and emotion to the narrative, making these books a feast for the senses."
6,Empowering Business Guides,"In inspirational books aimed at women in business, readers discover the secrets to creating amazing new ventures and achieving their best. These books offer practical guidance on joining the business world, using forgotten techniques, and embracing change to realize their dreams. Readers are inspired to feel ready and empowered to take on big challenges, follow their passions, and become the biggest selling com in their field."
7,Fantasy Adventure Series,"In a series of captivating tales and stories, characters are caught in battles of revenge and redemption, making difficult decisions that shape their destinies. The collection of stories weaves together themes of family, magical abilities, and political intrigue, creating a plot that spans across planets and dimensions. Characters with the ability to bring about change must navigate the complexities of power and politics, sometimes caught in the crossfire of popular movements. Through vivid storytelling and poetic prose, readers are taken on a journey of discovery and adventure, where every decision and plot twist brings both pleasure and challenge."
8,Suspenseful Murder Mysteries,"In gripping thrillers of mystery and suspense, characters embark on journeys of discovery, confronting memories, murder, and the unknown. Themes of memory and identity play a crucial role as protagonists search for answers and piece together clues. The streets become a battleground where killers lurk, and every step brings them closer to danger. With each page turned, secrets are uncovered, leading to deadly revelations and unexpected twists. Characters must stay vigilant, navigating a world where nothing is as it seems, and every decision could mean life or death. Through quick-paced narratives, readers are drawn into a web of intrigue, wondering who to trust and what lies beneath the surface."
9,Complex Human Dramas,"In the world of literature, authors delve into various scenes and emotions, exploring the darkness of human nature alongside moments of joy and determination. Characters, including kings and ordinary people, navigate their way through life, dealing with problems, relationships, and the complexities of identity. Love, sex, and friendship are intertwined with themes of madness and obsession, creating gripping narratives that keep readers engaged. Bestselling novels often feature protagonists who must prove themselves, either in society or against formidable foes. Whether set in schools or distant lands, these books reflect the human experience in all its complexity, offering readers a glimpse into different lives and perspectives"
10,Intriguing Political Thrillers,"In gripping narratives that blur the lines between reality and perception, characters navigate complex plots and political intrigue. Themes of power, identity, and authority shape the storylines, as protagonists uncover hidden truths and piece together evidence to reveal the bigger picture. From popular political figures to ordinary individuals with extraordinary abilities, characters wield power and influence as they play their parts in larger schemes. Poetry and the written word serve as both a means of expression and a tool for manipulation, adding depth and nuance to the narrative. As plans unfold and secrets are revealed, readers are taken on a journey through places both familiar and unknown, exploring the limits of possibility and the consequences of ambition."
11,Romantic Self-discovery Journeys,"In romantic tales of life's journey, characters embark on trips of self-discovery and love, navigating roads filled with secrets and surprises. Themes of small moments and significant events intertwine as characters stand at life's crossroads, facing decisions that could either destroy or strengthen their relationships. The sense of romanticism is heightened during Christmas and other special occasions, adding warmth and magic to the narrative. Characters think about their past, present, and future, pondering what leaving or staying might mean for their lives. As the story unfolds, characters soon realize that every turn they take leads them closer to understanding themselves and their mission of finding love and happiness."
12,Parenting Wellness,"In books focused on physical and emotional well-being, readers are guided through a journey of self-discovery and understanding. Themes of motherhood, body changes, and common challenges are addressed, providing information and guidance for readers. Chapters explore topics like happy mornings, normalcy, and the power of positivity, offering a comprehensive guide to navigating life's ups and downs. Through illustrated examples and relatable stories, readers gain insight into the physical and emotional changes they may experience, empowering them to lead healthy and fulfilling lives."
13,Dark Romantic Dramas,"In books that explore the complexities of relationships and emotions, characters navigate dark and deep themes of love, loss, and transformation. The stories may include warnings or marks of danger, highlighting the risks and challenges the characters face in their journey. Themes of marriage and romance are portrayed, showcasing both the perfect moments and the struggles that couples endure. Some stories may delve into graphic or erotic elements, using language and imagery to evoke powerful emotions and create an immersive reading experience. Ultimately, these books offer readers an escape into worlds where characters confront their pasts, forge new paths, and play out their desires and plans for the future."
14,Intense Detective Dramas,"In gripping detective novels, characters navigate the complexities of crime and passion while balancing their personal and professional lives. Themes of revenge, security, and loss intertwine as detectives and their teams work tirelessly to prove their worth and solve crimes. The past often plays a significant role, shaping characters' motivations and driving them forward. Private moments and intimate details add depth to the narrative, highlighting the risks and rewards of a career in crime-solving. As characters uncover secrets and face danger, readers are drawn into a world where every decision has consequences, and the line between right and wrong is often blurred."
15,Intimate Emotional Journeys,"In books that delve into the depths of human connection, characters grapple with past secrets and the quiet moments that define their relationships. Themes of friendship and love draw characters closer, highlighting the importance of trust and understanding. Whether it's a night of introspection or a day of new beginnings, characters navigate the complexities of emotions, from longing to laughter. Some find themselves trapped in difficult situations, requiring courage to face their fears and make tough decisions. Through it all, the characters evolve, learning the value of staying true to themselves and the relationships that matter most."
16,Dark Speculative Fiction,"In the realm of fiction, stories delve into the shadows and complexities of human existence, exploring themes of fear, power, and the unknown. Novels and short stories unravel intricate plots that keep readers engaged, revealing layers of intrigue and suspense. Characters navigate political landscapes and power struggles, facing challenges and making choices that shape their destinies. Poems and lyrical prose add depth and emotion to the narrative, capturing the essence of places and emotions. From popular genres to speculative realms, these books transport readers to possible worlds, where pleasure and fear intertwine, and every chapter holds the promise of discovery."
17,Emotionally Charged Romance,"In the world of literature, romantic novels weave tales of love, passion, and personal growth. Writers craft intricate plots and vivid settings that transport readers to different places and times. Themes of pleasure and desire intertwine with the emotional journeys of characters, creating engaging narratives that resonate with readers. Poetry and the beauty of language often play a significant role, enhancing the depth and emotion of the story. Meanwhile, elements of power and politics may add layers of complexity, highlighting the challenges and triumphs faced by the protagonists. Through it all, love remains a central theme, driving characters to pursue their desires and find fulfillment in unexpected ways."
18,Exciting Detective Mysteries,"In thrilling detective mysteries, readers follow a series of gripping cases where detectives fight crime and unravel mysteries. The mysteries are set in original and popular settings, showcasing the city's action-packed adventures and the detective's career path. Each volume presents a new murder or crime to solve, keeping readers engaged with the unfolding mystery. The detective's partner plays a crucial role in the investigation, adding depth to the story and highlighting the power of teamwork. With each page turned, readers are taken on an adventure across possible planets and presents, exploring the detective's unique abilities and powerful determination to crack the case."
19,Imaginative Adventure Narratives,"In books that challenge conventions and explore new styles, adventures unfold across popular places and distant planets. Powerful characters with unique powers navigate complex plots and political intrigues, playing a pivotal role in shaping the world around them. Poetry and powerful prose pieces add depth to the narrative, creating a fresh and engaging reading experience. As the plot thickens, readers are drawn into a world of challenges, where every page turns into an adventure filled with surprises and excitement."
20,Historical Fiction Exploration,"In a captivating series of books, authors delve into fascinating stories that explore the depths of history and fiction. Readers are taken on a journey across worlds, as each book takes them deeper into the narrative. The authors' storytelling prowess creates a compelling read, weaving together classic elements with the latest in science and evidence. Through vivid descriptions and pictures, readers are presented with an opportunity to support and explore the greatest mysteries of life and history. Each book in the series tells a unique story, crossing genres and delivering a true literary experience."
21,Evolving Social Dramas,"In books that explore social change and personal identity, characters navigate the complexities of their lives and relationships in a changing world. Themes of opportunity and identity resonate as characters find new ways to play their parts and pursue their dreams. The interplay between social dynamics and personal desires creates a rich tapestry of experiences, from the pleasure of newfound opportunities to the challenges posed by societal expectations. Poetry and prose pieces add depth to the narrative, capturing the essence of different points of view and places. As characters confront political and social issues, readers are invited to explore the intricacies of human relationships and the pursuit of happiness."
22,Political Power Dramas,"In captivating stories that blend personal dreams with powerful political plots, characters navigate the complexities of life, love, and power. Each character's moves and decisions shape the plot, creating a dynamic narrative filled with twists and turns. Themes of pleasure and ambition interplay with the larger forces of politics and power, set in diverse places and on different planets. The pieces of the story come together like a puzzle, revealing the characters' true intentions and the hidden dynamics at play. Through vivid descriptions and powerful imagery, readers are drawn into a world where dreams, desires, and political power collide in a mesmerizing spectacle."
23,Emotional Transformation Stories,"In stories of love, loss, and transformation, characters grapple with the complexities of relationships, careers, and personal growth. Themes of murder and madness add suspense and intrigue to the narrative, while the search for love and belonging drives the characters forward. As characters navigate their lives, they confront their innermost desires and fears, often finding solace and understanding in unexpected places. Through months or even years, characters evolve and change, uncovering the secrets of their hearts and souls. With each page turned, readers are drawn into a world where love, betrayal, and redemption intertwine, creating gripping tales of human emotion and resilience."
24,Haunting Love Stories,"In haunting tales of love and tragedy, characters are drawn to mysterious places that hold dark secrets. Houses and farms become settings where past events are brought to life, revealing the intertwined fates of characters. Themes of attraction and separation create emotional depth as characters grapple with love and loss. The art of storytelling weaves a narrative tapestry that spans great distances and time, drawing readers into an international world of intrigue and mystery. Through months or even years, characters are forced to confront the consequences of their actions, leading to moments of revelation and understanding amidst the darkness of death and the allure of the unknown."
25,Suspenseful Detective Thrillers,"In gripping detective mysteries, secrets are the key to unlocking the truth behind murders and deaths. Detectives and doctors delve deeper into cases, questioning suspects and victims to solve the mysteries. Family secrets and memories play a crucial role, often bringing tragic past events to light. The hunt for the killer intensifies as police and investigators work tirelessly to uncover the truth. Love, betrayal, and unexpected twists add layers of complexity to the narrative, keeping readers on the edge of their seats until the final question is answered and justice is served."
26,Epic Wartime Dramas,"In gripping tales of conflict and camaraderie, characters navigate the complexities of war, secrets, and loyalty. From the battlegrounds to the halls of power, stories unfold over years, revealing hidden truths and unexpected alliances. Themes of sacrifice and determination run deep as characters find themselves caught between duty and personal desires. Enmities are forged and broken, leading to unexpected twists and turns in the narrative. Through it all, characters confront their pasts and the consequences of their actions, shaping the course of history and their own destinies."
27,Imaginative Story Collection,"In a collection of compelling tales, readers are transported to different places and planets, experiencing the physical and emotional pleasures of each story. The ability of the author to paint vivid pictures through poetry and prose adds depth to the narrative, engaging readers in the powerful world of the stories. From popular police procedurals to political dramas, each tale explores the possibilities and powers of human nature, making readers question what is possible and what lies beyond. With each turn of the page, readers are immersed in a world of pleasure, politics, and power, leaving them captivated until the very end."
28,Mystical Self-discovery Adventures,"In captivating tales of self-discovery and adventure, characters embark on mysterious quests to uncover answers and confront their inner demons. Themes of quiet introspection and epic journeys intertwine as characters explore dangerous worlds and encounter paranormal creatures. The plot is driven by a quest for understanding and a longing for home, leading characters into violent encounters and epic battles. Through poetry and prose, readers are immersed in the pain and beauty of the characters' lives, as they navigate the plot's twists and turns. Alongside police investigations and pages filled with danger, characters strive to live their lives to the fullest and find meaning in their quests."
29,Life's Unexpected Challenges,"In compelling tales of life, love, and survival, characters confront their fears and embrace the unexpected challenges that come their way. Themes of family, history, and marriage play a crucial role as characters navigate through the series of events that shape their lives. The stories explore the importance of freedom and the skills needed for survival, highlighting the true essence of bravery and fighting for what truly matters. As characters face life and death situations, readers are taken on a journey that brings forth the truth about relationships, promises made, and the sacrifices that are sometimes forced upon them."
30,Thrilling Psychological Mysteries,"In gripping tales of life and death, characters navigate private struggles and dark secrets. Murders, mysteries, and conspiracies unfold as protagonists grapple with their past, fears, and desires. From the heat of passion to the chill of fear, these stories explore human nature in its most vulnerable and intense moments. Partnerships are tested, trust is questioned, and the past is unearthed as characters race against time to uncover the truth and save themselves or others. With compelling plots and vivid settings, these books keep readers on the edge of their seats, craving resolution and closure."
31,Introspective Relationship Dramas,"In stories of connection and introspection, characters navigate the complexities of relationships, secrets, and personal growth. Themes of friendship, love, and courage weave through the narrative as characters delve into their pasts and confront hidden truths. Moments of quiet reflection contrast with quick-paced events, creating a dynamic and engaging storyline. Characters grapple with feelings of longing, desire, and the need for connection, sometimes feeling trapped by their circumstances. Through moments of laughter and introspection, characters explore the depths of their emotions and relationships, ultimately finding strength and growth in unexpected places."
32,Adventurous Investigation Tales,"In classic adventure stories set in America and beyond, characters embark on thrilling journeys of investigation, action, and escape. The narrative takes readers through years of exploration and discovery, as characters navigate political landscapes and encounter police investigations. Themes of pleasure and poetry add depth to the storytelling, highlighting the emotional and sensory experiences of the characters. Whether in popular places or on distant planets, each adventure unfolds with a sense of urgency and excitement, drawing readers into a world of danger, intrigue, and unexpected twists."
33,Human Struggle Literature,"In literature that delves into the human experience, characters face struggles and discover hidden gifts amidst the darkness. Themes of control and power intertwine with tales of passion and discovery. Whether through illustrated stories or poetry, characters navigate through hot and cold moments, experiencing pleasure and pain along the way. Police and political elements add layers of intrigue to the plot, as characters explore the complexities of their environments. Through it all, the light of hope and resilience shines, making every discovery and moment of growth a triumph."
34,Intriguing Suspense Thrillers,"In gripping tales of intrigue and conflict, characters navigate the complexities of power, secrets, and survival. From the early stages of a plan to its successful execution, stories unfold in various settings such as homes, communities, and countries. Themes of war and security underscore the narrative as characters grapple with forces beyond their control. Secrets and murders add layers of suspense, driving the plot forward and keeping readers on the edge of their seats. Through it all, characters strive for success, facing challenges and making difficult choices that shape their lives and the world around them."
35,Political Power Plays,"In books that blend politics and power, characters navigate complex plots and political landscapes across various places and planets. Themes of power and control intertwine with personal journeys and physical challenges, creating engaging narratives that explore the possibilities of the present and the future. Poetry and prose pieces add depth to the storytelling, evoking emotions and enhancing the reader's experience. As characters play their parts in political games and confront powerful forces, readers are taken on a journey filled with intrigue, pleasure, and the pursuit of personal and political goals."
36,Epic Exploration Tales,"In tales of courage and discovery, characters embark on epic journeys across time, space, and history. Themes of power and destiny shape their quests as they uncover hidden truths and make life-changing discoveries. From the depths of the human mind to the vast reaches of the universe, these stories explore the essence of humanity and the meaning of existence. Each moment is a step toward understanding, as characters grapple with their pasts and strive for a better future. Through their journeys, readers are taken on a transformative exploration of life, courage, and the human experience."
37,True Crime,True crime books describe actual crimes from start to finish.
