Group,Word
0,revenge
0,risk
0,thing
0,years
0,ago
0,including
0,love
0,single
0,la
0,changed
0,man
0,won
0,author
0,murder
0,father
0,powerful
0,convince
0,trust
0,today
0,child
0,lost
0,protect
0,longer
0,heart
0,needs
0,bestselling
0,girl
0,son
0,billionaire
0,old
1,lost
1,able
1,knowledge
1,stand
1,human
1,england
1,dark
1,win
1,bond
1,town
1,trust
1,care
1,baby
1,century
1,journey
1,kind
1,leads
1,peace
1,like
1,doesn
1,choice
1,people
1,war
1,unique
1,elizabeth
1,dragon
1,ages
1,experience
1,keeps
1,key
2,broken
2,care
2,live
2,arrives
2,dying
2,realize
2,home
2,happily
2,love
2,heat
2,won
2,TRUE
2,left
2,fight
2,career
2,comes
2,believe
2,fresh
2,man
2,leaves
2,life
2,town
2,doesn
2,quiet
2,appears
2,wife
2,start
2,living
2,hearts
2,met
3,lady
3,came
3,school
3,join
3,great
3,mary
3,needed
3,major
3,professional
3,american
3,small
3,girls
3,idea
3,women
3,owner
3,money
3,game
3,included
3,captain
3,waiting
3,men
3,drawn
3,fans
3,best
3,girl
3,year
3,perfect
3,know
3,training
3,forgotten
4,child
4,time
4,middle
4,problems
4,mission
4,country
4,key
4,idea
4,storm
4,home
4,pieces
4,business
4,run
4,piece
4,new
4,taking
4,arrives
4,kill
4,york
4,couple
4,right
4,leave
4,good
4,just
4,running
4,ride
4,encounter
4,girl
4,west
4,like
5,took
5,powerful
5,men
5,ship
5,local
5,poems
5,long
5,playing
5,plot
5,turn
5,present
5,powers
5,pleasure
5,big
5,dark
5,sexy
5,path
5,black
5,poetry
5,body
5,come
5,power
5,popular
5,problems
5,eyes
5,make
5,rise
5,boss
5,presents
5,play
6,com
6,biggest
6,change
6,forgotten
6,women
6,join
6,single
6,selling
6,create
6,dream
6,business
6,feeling
6,used
6,set
6,bit
6,help
6,follow
6,just
6,sure
6,want
6,use
6,don
6,ready
6,inspired
6,life
6,year
6,new
6,amazing
6,best
6,make
7,father
7,caught
7,revenge
7,sister
7,plot
7,plan
7,short
7,point
7,collection
7,political
7,planet
7,magical
7,plans
7,make
7,save
7,police
7,politics
7,play
7,tales
7,bring
7,series
7,stories
7,pleasure
7,popular
7,decision
7,battle
7,poetry
7,playing
7,ability
7,king
8,world
8,long
8,does
8,sure
8,quickly
8,discovers
8,leaving
8,murder
8,memories
8,story
8,streets
8,deadly
8,sister
8,killer
8,mysterious
8,stay
8,god
8,thing
8,thriller
8,goes
8,ben
8,sense
8,piece
8,means
8,help
8,unknown
8,search
8,page
8,form
8,memory
9,feelings
9,called
9,class
9,sex
9,book
9,problem
9,making
9,read
9,author
9,involved
9,end
9,series
9,school
9,son
9,know
9,king
9,thing
9,prove
9,scenes
9,determined
9,girl
9,looks
9,way
9,writer
9,bestselling
9,act
9,darkness
9,instead
9,just
9,crazy
10,place
10,police
10,pieces
10,popular
10,places
10,powerful
10,post
10,plans
10,new
10,view
10,kept
10,poetry
10,political
10,evidence
10,ability
10,politics
10,power
10,play
10,planet
10,point
10,plan
10,piece
10,presents
10,playing
10,pleasure
10,powers
10,identity
10,possible
10,author
10,poems
11,romantic
11,short
11,trip
11,just
11,moon
11,fall
11,turns
11,road
11,set
11,small
11,events
11,takes
11,reach
11,christmas
11,think
11,school
11,gay
11,life
11,mission
11,leaving
11,characters
11,secret
11,coming
11,destroy
11,stand
11,enjoy
11,soon
11,sense
11,love
11,starts
12,going
12,information
12,mother
12,gives
12,happy
12,know
12,like
12,including
12,chapter
12,body
12,normal
12,physical
12,problem
12,common
12,don
12,changes
12,plan
12,baby
12,post
12,week
12,heart
12,guide
12,plans
12,illustrated
12,need
12,planet
12,readers
12,power
12,morning
12,child
13,plans
13,ll
13,romance
13,game
13,leave
13,date
13,taken
13,perfect
13,bad
13,deep
13,escape
13,short
13,thought
13,couple
13,play
13,graphic
13,story
13,language
13,warning
13,marriage
13,erotic
13,mark
13,playing
13,forget
13,far
13,present
13,ways
13,good
13,dark
13,changed
14,security
14,owner
14,safe
14,figure
14,job
14,private
14,bed
14,new
14,past
14,lose
14,worth
14,career
14,taking
14,prove
14,crime
14,wife
14,nick
14,morning
14,life
14,company
14,woman
14,thinks
14,revenge
14,loves
14,detective
14,nation
14,team
14,force
14,passion
14,partner
15,offer
15,century
15,leader
15,lifetime
15,life
15,reality
15,teacher
15,quite
15,story
15,called
15,destiny
15,explores
15,didn
15,lost
15,believe
15,shows
15,new
15,st
15,living
15,book
15,son
15,historical
15,instead
15,popular
15,social
15,time
15,determined
15,reveals
15,dying
15,discovery
16,pleasure
16,beneath
16,point
16,chapter
16,black
16,popular
16,places
16,novels
16,political
16,fiction
16,new
16,playing
16,short
16,power
16,shadow
16,plot
16,possible
16,plans
16,planet
16,plan
16,poems
16,powerful
16,powers
16,know
16,post
16,stories
16,police
16,politics
16,fear
16,play
17,novel
17,possible
17,pleasure
17,post
17,poetry
17,romantic
17,political
17,present
17,physical
17,planet
17,places
17,popular
17,police
17,power
17,plot
17,powerful
17,picture
17,place
17,play
17,powers
17,plans
17,politics
17,playing
17,piece
17,plan
17,writer
17,presents
17,point
17,pieces
17,peter
18,powers
18,mysteries
18,set
18,volume
18,original
18,city
18,career
18,follows
18,available
18,pages
18,planet
18,lady
18,partner
18,adventure
18,present
18,single
18,popular
18,plans
18,detective
18,possible
18,fight
18,series
18,action
18,murder
18,presents
18,play
18,including
18,powerful
18,mystery
18,crime
19,planet
19,piece
19,powers
19,plan
19,police
19,places
19,powerful
19,play
19,plot
19,plans
19,continues
19,poetry
19,include
19,game
19,playing
19,poems
19,politics
19,simply
19,work
19,pieces
19,place
19,challenge
19,adventure
19,style
19,present
19,years
19,fresh
19,pages
19,popular
19,class
20,opportunity
20,explores
20,major
20,picture
20,life
20,deeper
20,make
20,authors
20,including
20,finding
20,fascinating
20,TRUE
20,classic
20,science
20,latest
20,cross
20,greatest
20,evidence
20,told
20,involved
20,world
20,story
20,way
20,book
20,readers
20,support
20,fiction
20,takes
20,history
20,series
21,way
21,great
21,women
21,poems
21,planet
21,fans
21,world
21,david
21,play
21,political
21,families
21,police
21,social
21,identity
21,poetry
21,born
21,lives
21,opportunity
21,wife
21,point
21,gay
21,places
21,came
21,plans
21,best
21,pleasure
21,star
21,playing
21,plan
21,change
22,moves
22,general
22,play
22,dream
22,plans
22,big
22,pleasure
22,watch
22,plan
22,power
22,powers
22,love
22,poems
22,fun
22,present
22,playing
22,powerful
22,places
22,life
22,piece
22,pieces
22,planet
22,place
22,plot
22,picture
22,want
22,politics
22,post
22,say
22,character
23,job
23,family
23,murder
23,doesn
23,know
23,looks
23,finds
23,wife
23,set
23,finally
23,ago
23,hot
23,beloved
23,mind
23,going
23,hands
23,friends
23,rock
23,soul
23,love
23,months
23,crazy
23,single
23,tries
23,man
23,new
23,help
23,heart
23,figure
23,running
24,brought
24,appears
24,feels
24,haunted
24,work
24,spent
24,great
24,love
24,tragic
24,death
24,international
24,farm
24,begin
24,drawn
24,months
24,wife
24,new
24,took
24,place
24,attraction
24,person
24,forced
24,late
24,house
24,apart
24,held
24,dark
24,home
24,art
24,world
25,dr
25,kill
25,killed
25,happens
25,got
25,lover
25,secrets
25,secret
25,unfortunately
25,detective
25,time
25,help
25,doctor
25,case
25,daughter
25,hunt
25,solve
25,family
25,keeping
25,murder
25,does
25,TRUE
25,question
25,victim
25,deeper
25,brings
25,killer
25,memory
25,death
25,police
26,america
26,given
26,time
26,plans
26,place
26,playing
26,popular
26,american
26,group
26,course
26,army
26,original
26,story
26,years
26,plan
26,planet
26,enemies
26,national
26,finding
26,going
26,play
26,secrets
26,wanted
26,old
26,leaving
26,places
26,level
26,join
26,hell
26,force
27,popular
27,physical
27,plan
27,powers
27,night
27,reading
27,poetry
27,political
27,ability
27,possible
27,place
27,planet
27,places
27,politics
27,playing
27,plans
27,power
27,picture
27,tales
27,late
27,play
27,pleasure
27,powerful
27,point
27,peter
27,collection
27,piece
27,pieces
27,post
27,police
28,tale
28,quiet
28,answers
28,home
28,epic
28,help
28,poems
28,pages
28,power
28,mysterious
28,book
28,demons
28,dangerous
28,violent
28,self
28,dream
28,quest
28,house
28,poetry
28,discovery
28,paranormal
28,police
28,live
28,life
28,long
28,plot
28,pain
28,point
28,leave
28,creatures
29,bring
29,survival
29,fresh
29,unexpected
29,forced
29,wife
29,important
29,involved
29,took
29,life
29,skills
29,promise
29,man
29,heart
29,death
29,freedom
29,family
29,start
29,free
29,history
29,fighting
29,marriage
29,series
29,set
29,fears
29,truth
29,truly
29,leave
29,brings
29,west
30,help
30,save
30,ex
30,mother
30,open
30,star
30,needs
30,life
30,uncover
30,time
30,bad
30,husband
30,control
30,seen
30,ghost
30,sexy
30,murder
30,mind
30,fears
30,thinks
30,running
30,like
30,heat
30,partner
30,death
30,case
30,plot
30,wild
30,years
30,private
31,want
31,looking
31,relationship
31,quickly
31,secrets
31,waiting
31,isn
31,just
31,doesn
31,ready
31,does
31,starts
31,courage
31,quiet
31,come
31,things
31,funny
31,trapped
31,day
31,connection
31,spent
31,stay
31,closer
31,night
31,stop
31,need
31,friendship
31,feel
31,arms
31,past
32,finds
32,action
32,years
32,plan
32,classic
32,second
32,politics
32,poems
32,police
32,american
32,popular
32,playing
32,planet
32,hell
32,adventure
32,places
32,south
32,pleasure
32,investigation
32,prison
32,escape
32,play
32,pieces
32,turned
32,place
32,point
32,poetry
32,plans
32,story
32,political
33,political
33,politics
33,pleasure
33,cold
33,hot
33,male
33,children
33,illustrated
33,literature
33,passion
33,gift
33,female
33,best
33,poems
33,point
33,light
33,story
33,finding
33,playing
33,given
33,plot
33,dark
33,time
33,discovers
33,control
33,poetry
33,struggle
33,police
33,pack
33,play
34,following
34,work
34,murder
34,stay
34,times
34,war
34,force
34,head
34,plan
34,went
34,start
34,successful
34,country
34,secret
34,later
34,party
34,security
34,man
34,community
34,local
34,state
34,cover
34,TRUE
34,control
34,extraordinary
34,given
34,home
34,life
34,early
34,story
35,power
35,picture
35,political
35,peter
35,poetry
35,popular
35,planet
35,present
35,powerful
35,point
35,pieces
35,possible
35,politics
35,places
35,plan
35,powers
35,piece
35,post
35,presents
35,playing
35,police
35,plot
35,poems
35,president
35,pleasure
35,place
35,ability
35,plans
35,physical
35,play
36,time
36,universe
36,adam
36,life
36,earth
36,planet
36,future
36,power
36,come
36,set
36,courage
36,discover
36,story
36,far
36,finally
36,hidden
36,western
36,journey
36,history
36,destiny
36,real
36,point
36,felt
36,human
36,better
36,single
36,humanity
36,mind
36,making
36,moment
